{
  "cv_binary": {
    "aggregate": {
      "f1_mean": 0.8233526118600005,
      "f1_std": 0.0011021834713297967,
      "precision_mean": 0.9757393423922961,
      "precision_std": 0.0009465766517847271,
      "recall_mean": 0.7121375565820991,
      "recall_std": 0.0018372757128111818,
      "auc_mean": 0.9000042733431716,
      "auc_std": 0.00032268556773740783
    }
  },
  "cv_multiclass": {
    "aggregate": {
      "f1_weighted_mean": 0.7814567055248085,
      "precision_weighted_mean": 0.7810244002350591,
      "recall_weighted_mean": 0.792502081739463
    }
  },
  "feature_count": 30,
  "training_samples": 509128,
  "top_shap_features": [
    "month",
    "alarm_count_7d",
    "power_ratio_vs_24h",
    "hours_since_last_alarm",
    "inv_kwh_today",
    "inv_pv1_power",
    "alarm_count_24h",
    "smu_string_mean",
    "smu_zero_fraction",
    "meter_v_r"
  ]
}